<?xml version="1.0"?>
<doc>
    <assembly>
        <name>WampSharp.NewtonsoftMsgpack</name>
    </assembly>
    <members>
        <member name="T:WampSharp.Binding.JTokenMsgpackBinding">
            <summary>
            Represents MsgPack binding implemented using Newtonsoft.Msgpack.
            </summary>
        </member>
        <member name="M:WampSharp.V2.Fluent.NewtonsoftMsgpackChannelFactoryExtensions.MsgpackSerialization(WampSharp.V2.Fluent.ChannelFactorySyntax.ITransportSyntax)">
            <summary>
            Indicates that the user wants to use Msgpack serialization.
            </summary>
        </member>
        <member name="M:WampSharp.V2.Fluent.NewtonsoftMsgpackChannelFactoryExtensions.MsgpackSerialization(WampSharp.V2.Fluent.ChannelFactorySyntax.ITransportSyntax,Newtonsoft.Json.JsonSerializer)">
            <summary>
            Indicates that the user wants to use Msgpack serialization.
            </summary>
            <param name="serializer">The <see cref="T:Newtonsoft.Json.JsonSerializer"/> to serialize messages with.</param>
        </member>
    </members>
</doc>
